"id","category_id","post_id","created_at","updated_at"
"12","1","33",NULL,NULL
"13","2","34",NULL,NULL
"15","1","36",NULL,NULL
"16","3","37",NULL,NULL
"17","3","38",NULL,NULL
"18","3","39",NULL,NULL
"19","3","40",NULL,NULL
"20","3","41",NULL,NULL
"21","3","42",NULL,NULL
"22","3","43",NULL,NULL
"23","3","44",NULL,NULL
"24","3","45",NULL,NULL
"25","3","46",NULL,NULL
"26","3","47",NULL,NULL
"27","3","48",NULL,NULL
"28","3","49",NULL,NULL
"29","3","50",NULL,NULL
"30","3","51",NULL,NULL
"31","3","52",NULL,NULL
"32","3","53",NULL,NULL
"33","3","54",NULL,NULL
"34","3","55",NULL,NULL
"35","2","56",NULL,NULL
"36","3","57",NULL,NULL
"37","3","58",NULL,NULL
"38","3","59",NULL,NULL
"39","3","60",NULL,NULL
"40","3","61",NULL,NULL
"41","3","62",NULL,NULL
"42","3","63",NULL,NULL
"43","3","64",NULL,NULL
"44","3","65",NULL,NULL
"45","3","66",NULL,NULL
"46","3","67",NULL,NULL
"47","3","68",NULL,NULL
"48","3","69",NULL,NULL
"49","3","70",NULL,NULL
"50","3","71",NULL,NULL
"51","3","72",NULL,NULL
"52","3","73",NULL,NULL
"53","3","74",NULL,NULL
"54","3","75",NULL,NULL
"55","3","76",NULL,NULL
"56","3","77",NULL,NULL
"57","3","78",NULL,NULL
"58","2","79",NULL,NULL
"59","3","80",NULL,NULL
"60","3","81",NULL,NULL
"61","3","82",NULL,NULL
"62","3","83",NULL,NULL
"63","3","84",NULL,NULL
"64","3","85",NULL,NULL
"65","3","86",NULL,NULL
"66","3","87",NULL,NULL
"67","3","88",NULL,NULL
"68","3","89",NULL,NULL
"69","3","90",NULL,NULL
"70","3","91",NULL,NULL
"71","3","92",NULL,NULL
"72","3","93",NULL,NULL
"73","3","94",NULL,NULL
"74","3","95",NULL,NULL
"75","3","96",NULL,NULL
"76","3","97",NULL,NULL
"77","3","98",NULL,NULL
"78","3","99",NULL,NULL
"79","3","100",NULL,NULL
"80","3","101",NULL,NULL
"81","3","102",NULL,NULL
"82","3","103",NULL,NULL
"83","3","104",NULL,NULL
"84","3","105",NULL,NULL
"85","3","106",NULL,NULL
"86","3","107",NULL,NULL
"87","3","108",NULL,NULL
"88","3","109",NULL,NULL
"89","3","110",NULL,NULL
"90","3","111",NULL,NULL
"91","3","112",NULL,NULL
"92","3","113",NULL,NULL
"93","3","114",NULL,NULL
"94","3","115",NULL,NULL
"95","3","116",NULL,NULL
"96","3","117",NULL,NULL
"97","3","118",NULL,NULL
"98","3","119",NULL,NULL
"99","3","120",NULL,NULL
"100","3","121",NULL,NULL
"101","3","122",NULL,NULL
"102","3","123",NULL,NULL
"103","3","124",NULL,NULL
"104","3","125",NULL,NULL
"105","3","126",NULL,NULL
"106","3","127",NULL,NULL
"107","3","128",NULL,NULL
"108","3","129",NULL,NULL
"109","3","130",NULL,NULL
"110","3","131",NULL,NULL
"111","3","132",NULL,NULL
"112","3","133",NULL,NULL
"113","3","134",NULL,NULL
"114","3","135",NULL,NULL
"115","3","136",NULL,NULL
"116","3","137",NULL,NULL
"117","3","138",NULL,NULL
"118","3","139",NULL,NULL
"119","3","140",NULL,NULL
"120","3","141",NULL,NULL
"121","3","142",NULL,NULL
"122","3","143",NULL,NULL
"123","3","144",NULL,NULL
"124","3","145",NULL,NULL
"125","3","146",NULL,NULL
"126","3","147",NULL,NULL
"127","3","148",NULL,NULL
"128","3","149",NULL,NULL
"129","3","150",NULL,NULL
"130","3","151",NULL,NULL
"131","3","152",NULL,NULL
"132","3","153",NULL,NULL
"133","3","154",NULL,NULL
"134","3","155",NULL,NULL
"135","2","156",NULL,NULL
"136","2","157",NULL,NULL
"137","2","158",NULL,NULL
"139","3","160",NULL,NULL
"140","3","161",NULL,NULL
"141","2","162",NULL,NULL
"142","2","163",NULL,NULL
"143","2","164",NULL,NULL
"144","3","165",NULL,NULL
"145","2","166",NULL,NULL
"146","2","167",NULL,NULL
"147","2","168",NULL,NULL
"148","3","169",NULL,NULL
"149","3","170",NULL,NULL
"150","3","171",NULL,NULL
"151","3","172",NULL,NULL
"152","3","173",NULL,NULL
"153","3","174",NULL,NULL
"154","3","175",NULL,NULL
"155","3","176",NULL,NULL
"156","3","177",NULL,NULL
"157","3","178",NULL,NULL
"158","3","179",NULL,NULL
"159","2","180",NULL,NULL
"160","3","181",NULL,NULL
"161","7","182",NULL,NULL
"162","7","159",NULL,NULL
"163","7","183",NULL,NULL
"164","7","184",NULL,NULL
"165","7","185",NULL,NULL
"166","7","186",NULL,NULL
"167","7","187",NULL,NULL
"168","7","188",NULL,NULL
"169","7","189",NULL,NULL
"170","7","190",NULL,NULL
"171","7","191",NULL,NULL
"172","7","192",NULL,NULL
"173","7","193",NULL,NULL
"174","7","194",NULL,NULL
"175","7","195",NULL,NULL
"176","7","196",NULL,NULL
"177","7","197",NULL,NULL
"178","1","198",NULL,NULL
"179","7","199",NULL,NULL
"180","7","200",NULL,NULL
"181","7","201",NULL,NULL
"182","7","202",NULL,NULL
"183","7","203",NULL,NULL
"184","7","204",NULL,NULL
"185","7","205",NULL,NULL
"186","7","206",NULL,NULL
"187","7","207",NULL,NULL
"188","7","208",NULL,NULL
"189","7","209",NULL,NULL
"190","7","210",NULL,NULL
"191","7","211",NULL,NULL
"192","7","212",NULL,NULL
"193","7","213",NULL,NULL
"194","7","214",NULL,NULL
"195","7","215",NULL,NULL
"196","7","216",NULL,NULL
"197","7","217",NULL,NULL
"198","7","218",NULL,NULL
"199","7","219",NULL,NULL
"200","7","220",NULL,NULL
"201","7","221",NULL,NULL
"202","7","222",NULL,NULL
"203","7","223",NULL,NULL
"204","7","224",NULL,NULL
"205","7","225",NULL,NULL
"206","7","226",NULL,NULL
"207","7","227",NULL,NULL
"208","7","228",NULL,NULL
"209","7","229",NULL,NULL
"210","7","230",NULL,NULL
"211","7","231",NULL,NULL
"212","7","232",NULL,NULL
"213","7","233",NULL,NULL
"214","7","235",NULL,NULL
"216","1","237",NULL,NULL
"217","7","238",NULL,NULL
"218","7","239",NULL,NULL
"219","7","240",NULL,NULL
"220","7","241",NULL,NULL
"221","7","242",NULL,NULL
"222","7","243",NULL,NULL
"223","7","244",NULL,NULL
"224","7","245",NULL,NULL
"225","7","246",NULL,NULL
"226","7","247",NULL,NULL
"227","7","248",NULL,NULL
"228","7","249",NULL,NULL
"229","7","250",NULL,NULL
"230","7","251",NULL,NULL
"231","7","252",NULL,NULL
"232","7","253",NULL,NULL
"233","7","254",NULL,NULL
"234","7","255",NULL,NULL
"235","7","256",NULL,NULL
"236","7","257",NULL,NULL
"237","7","258",NULL,NULL
"238","7","259",NULL,NULL
"239","7","260",NULL,NULL
"240","7","261",NULL,NULL
"241","7","262",NULL,NULL
"242","7","263",NULL,NULL
"243","7","264",NULL,NULL
"244","7","265",NULL,NULL
"245","7","266",NULL,NULL
"246","7","267",NULL,NULL
"247","7","268",NULL,NULL
"248","7","269",NULL,NULL
"249","1","270",NULL,NULL
"250","7","271",NULL,NULL
"251","7","272",NULL,NULL
"252","7","273",NULL,NULL
"253","1","274",NULL,NULL
"254","7","275",NULL,NULL
"255","7","276",NULL,NULL
"256","7","277",NULL,NULL
"257","7","278",NULL,NULL
"258","1","279",NULL,NULL
"259","7","280",NULL,NULL
"260","7","281",NULL,NULL
"261","7","282",NULL,NULL
"262","7","284",NULL,NULL
"263","7","285",NULL,NULL
"264","1","283",NULL,NULL
"265","7","286",NULL,NULL
"266","7","287",NULL,NULL
"267","7","288",NULL,NULL
"268","7","289",NULL,NULL
"269","7","290",NULL,NULL
"270","1","291",NULL,NULL
"271","7","292",NULL,NULL
"272","7","293",NULL,NULL
"273","7","294",NULL,NULL
"274","7","295",NULL,NULL
"275","7","296",NULL,NULL
"276","1","297",NULL,NULL
"277","7","298",NULL,NULL
"278","7","299",NULL,NULL
"279","7","300",NULL,NULL
"280","7","301",NULL,NULL
"281","7","302",NULL,NULL
"282","7","303",NULL,NULL
"283","1","304",NULL,NULL
"284","7","305",NULL,NULL
"285","7","306",NULL,NULL
"286","1","307",NULL,NULL
"287","7","308",NULL,NULL
"288","7","309",NULL,NULL
"289","7","310",NULL,NULL
"290","1","311",NULL,NULL
"291","7","312",NULL,NULL
"292","7","313",NULL,NULL
"293","7","314",NULL,NULL
"294","1","315",NULL,NULL
"295","7","316",NULL,NULL
"296","7","317",NULL,NULL
"297","7","318",NULL,NULL
"298","1","319",NULL,NULL
"299","7","320",NULL,NULL
"300","7","321",NULL,NULL
"301","7","322",NULL,NULL
"302","7","323",NULL,NULL
"303","7","324",NULL,NULL
"304","1","325",NULL,NULL
"305","7","326",NULL,NULL
"306","7","327",NULL,NULL
"307","7","328",NULL,NULL
"308","7","329",NULL,NULL
"309","7","330",NULL,NULL
"310","1","331",NULL,NULL
"311","7","332",NULL,NULL
"312","7","333",NULL,NULL
"313","7","334",NULL,NULL
"314","7","335",NULL,NULL
"315","7","336",NULL,NULL
"316","7","337",NULL,NULL
"317","7","338",NULL,NULL
"318","7","339",NULL,NULL
"319","7","340",NULL,NULL
"320","7","341",NULL,NULL
"321","7","342",NULL,NULL
"322","7","343",NULL,NULL
"323","7","344",NULL,NULL
"324","7","345",NULL,NULL
"325","1","346",NULL,NULL
"326","7","347",NULL,NULL
"327","1","348",NULL,NULL
"328","7","349",NULL,NULL
"329","1","350",NULL,NULL
"330","7","351",NULL,NULL
"331","1","352",NULL,NULL
"332","7","353",NULL,NULL
"333","1","355",NULL,NULL
"334","7","356",NULL,NULL
"335","1","357",NULL,NULL
"336","1","358",NULL,NULL
"337","1","359",NULL,NULL
"338","1","360",NULL,NULL
"339","1","361",NULL,NULL
"340","1","362",NULL,NULL
"341","1","363",NULL,NULL
"342","1","364",NULL,NULL
"343","1","365",NULL,NULL
"344","1","366",NULL,NULL
"345","1","367",NULL,NULL
"346","7","368",NULL,NULL
"347","7","369",NULL,NULL
"348","1","370",NULL,NULL
"349","7","371",NULL,NULL
"350","7","372",NULL,NULL
"351","7","373",NULL,NULL
"352","7","374",NULL,NULL
"353","1","375",NULL,NULL
"354","7","376",NULL,NULL
"355","7","377",NULL,NULL
"356","1","378",NULL,NULL
"357","1","379",NULL,NULL
"358","1","380",NULL,NULL
"359","7","381",NULL,NULL
"360","7","382",NULL,NULL
"361","7","383",NULL,NULL
"362","1","384",NULL,NULL
"363","7","385",NULL,NULL
"364","7","386",NULL,NULL
"365","7","387",NULL,NULL
"366","7","388",NULL,NULL
"367","1","389",NULL,NULL
"368","7","390",NULL,NULL
"369","1","391",NULL,NULL
"370","7","392",NULL,NULL
"371","7","393",NULL,NULL
"372","7","394",NULL,NULL
"373","7","395",NULL,NULL
"374","7","396",NULL,NULL
"375","7","397",NULL,NULL
"376","7","398",NULL,NULL
"377","7","399",NULL,NULL
"378","7","400",NULL,NULL
"379","7","401",NULL,NULL
"380","7","402",NULL,NULL
"381","7","403",NULL,NULL
"382","7","404",NULL,NULL
"383","7","405",NULL,NULL
"384","7","406",NULL,NULL
"385","7","407",NULL,NULL
"386","7","408",NULL,NULL
"387","7","409",NULL,NULL
"388","7","410",NULL,NULL
"389","7","411",NULL,NULL
"390","7","412",NULL,NULL
"391","7","413",NULL,NULL
"392","7","414",NULL,NULL
"393","7","415",NULL,NULL
"394","7","416",NULL,NULL
"395","7","417",NULL,NULL
"396","7","418",NULL,NULL
"397","7","419",NULL,NULL
"398","7","420",NULL,NULL
"399","7","421",NULL,NULL
"400","7","422",NULL,NULL
"401","7","423",NULL,NULL
"402","7","424",NULL,NULL
"403","7","425",NULL,NULL
"404","7","426",NULL,NULL
"405","7","427",NULL,NULL
"406","7","428",NULL,NULL
"407","7","429",NULL,NULL
"408","1","430",NULL,NULL
"409","7","431",NULL,NULL
"410","1","432",NULL,NULL
"411","7","433",NULL,NULL
"412","1","434",NULL,NULL
"413","7","435",NULL,NULL
"414","1","436",NULL,NULL
"415","7","437",NULL,NULL
"416","7","438",NULL,NULL
"417","1","439",NULL,NULL
"418","7","440",NULL,NULL
"419","7","441",NULL,NULL
"420","1","442",NULL,NULL
"421","7","443",NULL,NULL
"422","7","444",NULL,NULL
"423","7","445",NULL,NULL
"424","1","446",NULL,NULL
"425","7","447",NULL,NULL
"426","7","448",NULL,NULL
"427","7","449",NULL,NULL
"428","1","450",NULL,NULL
"429","1","451",NULL,NULL
"430","7","452",NULL,NULL
"431","7","453",NULL,NULL
"432","7","454",NULL,NULL
"433","1","455",NULL,NULL
"434","7","456",NULL,NULL
"435","1","457",NULL,NULL
"436","1","458",NULL,NULL
"437","1","459",NULL,NULL
"438","1","460",NULL,NULL
"439","1","461",NULL,NULL
"440","1","462",NULL,NULL
"441","1","463",NULL,NULL
"442","1","464",NULL,NULL
"443","1","465",NULL,NULL
"444","1","466",NULL,NULL
"445","1","467",NULL,NULL
"446","1","468",NULL,NULL
"447","1","469",NULL,NULL
"448","1","470",NULL,NULL
"449","1","471",NULL,NULL
"450","1","472",NULL,NULL
"451","1","473",NULL,NULL
"452","1","474",NULL,NULL
"453","1","475",NULL,NULL
"454","1","476",NULL,NULL
"455","1","477",NULL,NULL
"456","1","478",NULL,NULL
"457","1","479",NULL,NULL
"458","7","480",NULL,NULL
"459","1","481",NULL,NULL
"460","1","482",NULL,NULL
"461","1","483",NULL,NULL
"462","7","484",NULL,NULL
"463","7","485",NULL,NULL
"464","1","486",NULL,NULL
"465","7","487",NULL,NULL
"466","7","488",NULL,NULL
"467","1","489",NULL,NULL
"468","1","490",NULL,NULL
"469","1","491",NULL,NULL
"470","1","492",NULL,NULL
"471","1","493",NULL,NULL
"472","1","494",NULL,NULL
"473","1","495",NULL,NULL
"474","1","496",NULL,NULL
"475","1","497",NULL,NULL
"476","1","498",NULL,NULL
"477","7","499",NULL,NULL
"478","1","500",NULL,NULL
"479","1","501",NULL,NULL
"480","1","502",NULL,NULL
"481","1","503",NULL,NULL
"482","1","504",NULL,NULL
"483","7","505",NULL,NULL
"484","1","506",NULL,NULL
"485","7","507",NULL,NULL
"486","1","508",NULL,NULL
"487","1","509",NULL,NULL
"488","7","510",NULL,NULL
"489","1","511",NULL,NULL
"490","1","512",NULL,NULL
"491","1","513",NULL,NULL
"492","1","514",NULL,NULL
"493","1","515",NULL,NULL
"494","1","516",NULL,NULL
"495","7","517",NULL,NULL
"496","1","518",NULL,NULL
"497","7","519",NULL,NULL
"498","7","520",NULL,NULL
"499","7","521",NULL,NULL
"500","1","522",NULL,NULL
"501","7","523",NULL,NULL
"502","1","524",NULL,NULL
"503","1","525",NULL,NULL
"504","1","526",NULL,NULL
"505","1","527",NULL,NULL
"506","7","528",NULL,NULL
"507","1","529",NULL,NULL
"508","7","530",NULL,NULL
"509","1","531",NULL,NULL
"510","1","532",NULL,NULL
"511","1","533",NULL,NULL
"512","1","534",NULL,NULL
"513","1","535",NULL,NULL
"514","1","536",NULL,NULL
"515","1","537",NULL,NULL
"516","1","538",NULL,NULL
"517","7","539",NULL,NULL
"518","1","540",NULL,NULL
"519","7","541",NULL,NULL
"520","1","542",NULL,NULL
"521","1","543",NULL,NULL
"522","7","544",NULL,NULL
"523","1","545",NULL,NULL
"524","1","546",NULL,NULL
"525","7","547",NULL,NULL
"526","7","548",NULL,NULL
"527","1","549",NULL,NULL
"528","1","551",NULL,NULL
"529","7","552",NULL,NULL
"530","1","553",NULL,NULL
"531","7","554",NULL,NULL
"532","7","555",NULL,NULL
"533","1","556",NULL,NULL
"534","1","558",NULL,NULL
"535","7","559",NULL,NULL
"536","7","560",NULL,NULL
"537","7","561",NULL,NULL
"538","1","562",NULL,NULL
"539","7","563",NULL,NULL
"540","1","564",NULL,NULL
"541","1","565",NULL,NULL
"542","7","566",NULL,NULL
"543","7","567",NULL,NULL
"544","7","568",NULL,NULL
"545","1","569",NULL,NULL
"546","7","570",NULL,NULL
"547","7","571",NULL,NULL
"548","1","572",NULL,NULL
"549","7","573",NULL,NULL
"550","1","574",NULL,NULL
"551","1","575",NULL,NULL
"552","7","576",NULL,NULL
"553","7","577",NULL,NULL
"554","1","578",NULL,NULL
"555","7","579",NULL,NULL
"556","1","580",NULL,NULL
"557","1","581",NULL,NULL
"558","7","582",NULL,NULL
"559","7","583",NULL,NULL
"560","7","584",NULL,NULL
"561","7","585",NULL,NULL
"562","7","586",NULL,NULL
"563","7","587",NULL,NULL
"564","1","588",NULL,NULL
"565","7","589",NULL,NULL
"566","7","590",NULL,NULL
"567","1","591",NULL,NULL
"568","7","592",NULL,NULL
"569","7","593",NULL,NULL
"570","1","594",NULL,NULL
"571","7","595",NULL,NULL
"572","1","596",NULL,NULL
"573","7","597",NULL,NULL
"574","7","598",NULL,NULL
"575","7","599",NULL,NULL
"576","1","600",NULL,NULL
"577","7","601",NULL,NULL
"578","7","602",NULL,NULL
"579","1","603",NULL,NULL
"580","7","604",NULL,NULL
"581","1","605",NULL,NULL
"582","7","606",NULL,NULL
"583","7","607",NULL,NULL
"584","7","608",NULL,NULL
"585","7","609",NULL,NULL
"586","7","610",NULL,NULL
"587","7","611",NULL,NULL
"588","1","612",NULL,NULL
"589","7","613",NULL,NULL
"590","1","614",NULL,NULL
"591","7","615",NULL,NULL
"592","1","616",NULL,NULL
"593","7","617",NULL,NULL
"594","1","618",NULL,NULL
"595","1","619",NULL,NULL
"596","1","620",NULL,NULL
"597","1","621",NULL,NULL
"598","1","622",NULL,NULL
"599","1","623",NULL,NULL
"600","1","624",NULL,NULL
"601","1","625",NULL,NULL
"602","1","626",NULL,NULL
"603","1","627",NULL,NULL
"604","1","628",NULL,NULL
"605","1","629",NULL,NULL
"606","1","630",NULL,NULL
"607","1","631",NULL,NULL
"608","1","632",NULL,NULL
"609","1","633",NULL,NULL
"610","1","634",NULL,NULL
"611","7","635",NULL,NULL
"612","1","637",NULL,NULL
"613","7","638",NULL,NULL
"614","1","639",NULL,NULL
"615","7","640",NULL,NULL
"616","7","641",NULL,NULL
"617","1","642",NULL,NULL
"618","7","643",NULL,NULL
"619","7","644",NULL,NULL
"620","7","645",NULL,NULL
"621","7","646",NULL,NULL
"622","7","647",NULL,NULL
"623","7","648",NULL,NULL
"624","7","649",NULL,NULL
"625","7","650",NULL,NULL
"626","7","651",NULL,NULL
"627","7","652",NULL,NULL
"628","7","653",NULL,NULL
"629","7","654",NULL,NULL
"630","7","655",NULL,NULL
"631","7","656",NULL,NULL
"632","7","657",NULL,NULL
"633","7","658",NULL,NULL
"634","7","659",NULL,NULL
"635","7","660",NULL,NULL
"636","7","662",NULL,NULL
"637","4","663",NULL,NULL
"638","4","664",NULL,NULL
"639","7","665",NULL,NULL
"640","7","666",NULL,NULL
"642","7","668",NULL,NULL
"643","7","669",NULL,NULL
"644","7","670",NULL,NULL
"645","2","667",NULL,NULL
"646","7","671",NULL,NULL
"647","2","672",NULL,NULL
"648","7","673",NULL,NULL
"649","4","674",NULL,NULL
"650","7","675",NULL,NULL
"651","4","676",NULL,NULL
"652","7","677",NULL,NULL
"653","7","678",NULL,NULL
"654","7","679",NULL,NULL
"655","7","680",NULL,NULL
"656","4","681",NULL,NULL
"657","7","682",NULL,NULL
"658","4","683",NULL,NULL
"659","7","684",NULL,NULL
"660","4","685",NULL,NULL
"661","7","686",NULL,NULL
"662","7","687",NULL,NULL
"663","7","688",NULL,NULL
"664","4","689",NULL,NULL
"665","7","690",NULL,NULL
"666","4","691",NULL,NULL
"667","7","692",NULL,NULL
"668","7","693",NULL,NULL
"669","7","694",NULL,NULL
"670","4","695",NULL,NULL
"671","7","696",NULL,NULL
"672","7","697",NULL,NULL
"673","7","698",NULL,NULL
"674","4","699",NULL,NULL
"675","7","700",NULL,NULL
"676","7","701",NULL,NULL
"677","4","702",NULL,NULL
"678","4","703",NULL,NULL
"679","7","704",NULL,NULL
"680","7","705",NULL,NULL
"681","4","706",NULL,NULL
"682","7","707",NULL,NULL
"683","4","708",NULL,NULL
"684","7","709",NULL,NULL
"685","4","710",NULL,NULL
"686","7","711",NULL,NULL
"687","7","712",NULL,NULL
"688","4","713",NULL,NULL
"689","7","714",NULL,NULL
"690","4","715",NULL,NULL
"691","7","716",NULL,NULL
"692","7","717",NULL,NULL
"693","4","718",NULL,NULL
"694","7","719",NULL,NULL
"695","4","720",NULL,NULL
"696","4","721",NULL,NULL
"697","7","722",NULL,NULL
"698","4","723",NULL,NULL
"699","7","724",NULL,NULL
"700","4","725",NULL,NULL
"701","7","726",NULL,NULL
"702","4","727",NULL,NULL
"703","7","728",NULL,NULL
"704","4","729",NULL,NULL
"705","4","730",NULL,NULL
"706","7","731",NULL,NULL
"707","4","732",NULL,NULL
"708","4","733",NULL,NULL
"709","4","734",NULL,NULL
"710","4","735",NULL,NULL
"711","4","736",NULL,NULL
"712","4","737",NULL,NULL
"713","4","738",NULL,NULL
"714","7","739",NULL,NULL
"715","7","740",NULL,NULL
"716","7","741",NULL,NULL
"717","7","742",NULL,NULL
"718","7","743",NULL,NULL
"719","7","744",NULL,NULL
"720","7","745",NULL,NULL
"721","7","746",NULL,NULL
"722","7","747",NULL,NULL
"723","7","748",NULL,NULL
"724","7","750",NULL,NULL
"725","7","751",NULL,NULL
"726","7","752",NULL,NULL
"727","7","753",NULL,NULL
"728","7","754",NULL,NULL
"729","7","755",NULL,NULL
"730","7","756",NULL,NULL
"731","7","757",NULL,NULL
"732","7","758",NULL,NULL
"733","7","759",NULL,NULL
"734","7","760",NULL,NULL
"735","7","761",NULL,NULL
"736","7","762",NULL,NULL
"737","7","763",NULL,NULL
"738","2","764",NULL,NULL
"739","7","765",NULL,NULL
"740","7","766",NULL,NULL
"741","2","767",NULL,NULL
"742","5","768",NULL,NULL
"743","7","769",NULL,NULL
"744","2","770",NULL,NULL
"745","7","771",NULL,NULL
"746","2","772",NULL,NULL
"747","2","773",NULL,NULL
"748","2","774",NULL,NULL
"749","2","775",NULL,NULL
"750","7","776",NULL,NULL
"751","2","777",NULL,NULL
"752","2","778",NULL,NULL
"753","2","779",NULL,NULL
"754","2","780",NULL,NULL
"755","2","781",NULL,NULL
"756","7","782",NULL,NULL
"757","7","783",NULL,NULL
"758","7","784",NULL,NULL
"759","2","785",NULL,NULL
"760","2","786",NULL,NULL
"761","7","787",NULL,NULL
"762","7","788",NULL,NULL
"763","7","789",NULL,NULL
"764","7","790",NULL,NULL
"765","7","791",NULL,NULL
"766","7","792",NULL,NULL
"767","2","793",NULL,NULL
"768","2","794",NULL,NULL
"769","2","795",NULL,NULL
"770","2","796",NULL,NULL
"771","2","797",NULL,NULL
"772","2","798",NULL,NULL
"773","2","799",NULL,NULL
"774","2","800",NULL,NULL
"775","7","801",NULL,NULL
"776","2","802",NULL,NULL
"777","2","803",NULL,NULL
"778","2","804",NULL,NULL
"779","7","805",NULL,NULL
"780","7","806",NULL,NULL
"781","2","807",NULL,NULL
"782","2","808",NULL,NULL
"783","7","809",NULL,NULL
"784","2","810",NULL,NULL
"785","2","811",NULL,NULL
"786","2","812",NULL,NULL
"787","7","813",NULL,NULL
"788","2","814",NULL,NULL
"789","2","815",NULL,NULL
"790","2","816",NULL,NULL
"791","2","817",NULL,NULL
"792","2","818",NULL,NULL
"793","2","819",NULL,NULL
"794","2","820",NULL,NULL
"795","2","821",NULL,NULL
"796","2","822",NULL,NULL
"797","2","823",NULL,NULL
"798","5","824",NULL,NULL
"799","2","825",NULL,NULL
"800","5","826",NULL,NULL
"801","7","827",NULL,NULL
"802","5","828",NULL,NULL
"803","2","829",NULL,NULL
"804","7","830",NULL,NULL
"805","7","831",NULL,NULL
"806","7","832",NULL,NULL
"807","7","833",NULL,NULL
"808","5","834",NULL,NULL
"809","5","835",NULL,NULL
"810","7","836",NULL,NULL
"811","2","837",NULL,NULL
"812","5","838",NULL,NULL
"813","2","839",NULL,NULL
"814","5","840",NULL,NULL
"815","5","841",NULL,NULL
"816","2","842",NULL,NULL
"817","5","843",NULL,NULL
"818","5","844",NULL,NULL
"819","2","845",NULL,NULL
"820","5","846",NULL,NULL
"821","2","847",NULL,NULL
"822","2","848",NULL,NULL
"823","7","849",NULL,NULL
"824","2","850",NULL,NULL
"825","7","851",NULL,NULL
"826","5","852",NULL,NULL
"827","2","853",NULL,NULL
"828","7","854",NULL,NULL
"829","5","855",NULL,NULL
"830","7","856",NULL,NULL
"831","2","857",NULL,NULL
"832","7","858",NULL,NULL
"833","5","859",NULL,NULL
"834","7","860",NULL,NULL
"835","2","861",NULL,NULL
"836","7","862",NULL,NULL
"837","7","863",NULL,NULL
"838","5","864",NULL,NULL
"839","2","865",NULL,NULL
"840","2","866",NULL,NULL
"841","5","867",NULL,NULL
"842","7","868",NULL,NULL
"843","7","869",NULL,NULL
"844","7","870",NULL,NULL
"845","7","871",NULL,NULL
"846","7","872",NULL,NULL
"847","7","873",NULL,NULL
"848","7","874",NULL,NULL
"849","2","875",NULL,NULL
"850","7","876",NULL,NULL
"851","7","877",NULL,NULL
"852","2","878",NULL,NULL
"853","7","879",NULL,NULL
"854","7","880",NULL,NULL
"855","7","881",NULL,NULL
"856","7","882",NULL,NULL
"857","2","883",NULL,NULL
"858","7","884",NULL,NULL
"859","2","885",NULL,NULL
"860","2","886",NULL,NULL
"861","7","888",NULL,NULL
"862","7","889",NULL,NULL
"863","7","890",NULL,NULL
"864","7","891",NULL,NULL
"865","7","892",NULL,NULL
"866","7","893",NULL,NULL
"867","7","894",NULL,NULL
"868","7","895",NULL,NULL
"869","7","896",NULL,NULL
"870","2","897",NULL,NULL
"871","7","898",NULL,NULL
"872","7","899",NULL,NULL
"873","2","900",NULL,NULL
"874","7","901",NULL,NULL
"875","7","902",NULL,NULL
"876","2","903",NULL,NULL
"877","7","904",NULL,NULL
"878","7","905",NULL,NULL
"879","2","906",NULL,NULL
"880","7","907",NULL,NULL
"881","7","908",NULL,NULL
"882","2","910",NULL,NULL
"883","7","911",NULL,NULL
"884","1","912",NULL,NULL
"885","7","913",NULL,NULL
"886","7","914",NULL,NULL
"887","2","915",NULL,NULL
"888","2","916",NULL,NULL
"889","2","917",NULL,NULL
"890","2","918",NULL,NULL
"891","7","919",NULL,NULL
"892","7","920",NULL,NULL
"893","7","921",NULL,NULL
"894","7","922",NULL,NULL
"895","7","923",NULL,NULL
"896","7","924",NULL,NULL
"897","7","925",NULL,NULL
"898","7","926",NULL,NULL
"899","2","927",NULL,NULL
"900","7","928",NULL,NULL
"901","7","929",NULL,NULL
"902","2","930",NULL,NULL
"903","7","931",NULL,NULL
"904","7","932",NULL,NULL
"905","2","933",NULL,NULL
"906","2","934",NULL,NULL
"907","7","935",NULL,NULL
"908","7","936",NULL,NULL
"909","7","937",NULL,NULL
"910","2","938",NULL,NULL
"911","7","939",NULL,NULL
"912","7","940",NULL,NULL
"913","7","941",NULL,NULL
"914","7","942",NULL,NULL
"915","7","943",NULL,NULL
"916","7","944",NULL,NULL
"917","7","945",NULL,NULL
"919","7","947",NULL,NULL
"920","7","948",NULL,NULL
"921","7","949",NULL,NULL
"922","2","950",NULL,NULL
"923","2","951",NULL,NULL
"924","7","952",NULL,NULL
"925","2","953",NULL,NULL
"926","2","954",NULL,NULL
"927","7","955",NULL,NULL
"928","7","956",NULL,NULL
"929","2","957",NULL,NULL
"930","2","958",NULL,NULL
"931","2","959",NULL,NULL
"932","2","960",NULL,NULL
"933","2","961",NULL,NULL
"934","2","962",NULL,NULL
"935","2","963",NULL,NULL
"936","2","964",NULL,NULL
"937","2","965",NULL,NULL
"938","2","966",NULL,NULL
"939","2","967",NULL,NULL
"940","2","968",NULL,NULL
"941","2","969",NULL,NULL
"942","2","970",NULL,NULL
"943","2","971",NULL,NULL
"944","2","972",NULL,NULL
"945","2","973",NULL,NULL
"946","2","974",NULL,NULL
"947","2","975",NULL,NULL
"948","2","976",NULL,NULL
"949","2","977",NULL,NULL
"950","2","978",NULL,NULL
"951","2","979",NULL,NULL
"952","2","980",NULL,NULL
"953","2","981",NULL,NULL
"954","2","982",NULL,NULL
"955","2","983",NULL,NULL
"956","2","984",NULL,NULL
"957","2","985",NULL,NULL
"958","2","986",NULL,NULL
"959","2","987",NULL,NULL
"960","2","988",NULL,NULL
"961","2","989",NULL,NULL
"962","2","990",NULL,NULL
"963","2","991",NULL,NULL
"964","2","992",NULL,NULL
"965","2","993",NULL,NULL
"966","2","994",NULL,NULL
"967","2","995",NULL,NULL
"968","2","996",NULL,NULL
"969","2","997",NULL,NULL
"970","2","998",NULL,NULL
"971","2","999",NULL,NULL
"972","2","1000",NULL,NULL
"973","2","1001",NULL,NULL
"974","2","1002",NULL,NULL
"975","2","1003",NULL,NULL
"976","2","1004",NULL,NULL
"977","2","1005",NULL,NULL
"978","2","1006",NULL,NULL
"979","2","1007",NULL,NULL
"980","2","1008",NULL,NULL
"981","2","1009",NULL,NULL
"982","2","1010",NULL,NULL
"983","2","1011",NULL,NULL
"984","2","1012",NULL,NULL
"985","2","1013",NULL,NULL
"986","2","1014",NULL,NULL
"987","2","1015",NULL,NULL
"988","2","1017",NULL,NULL
"989","2","1018",NULL,NULL
"990","2","1019",NULL,NULL
"991","2","1020",NULL,NULL
"992","2","1021",NULL,NULL
"993","2","1022",NULL,NULL
"994","2","1023",NULL,NULL
"995","2","1024",NULL,NULL
"996","2","1025",NULL,NULL
"997","2","1026",NULL,NULL
"998","2","1027",NULL,NULL
"999","2","1028",NULL,NULL
"1000","2","1029",NULL,NULL
"1001","2","1030",NULL,NULL
"1002","2","1031",NULL,NULL
"1003","2","1032",NULL,NULL
"1004","2","1033",NULL,NULL
"1005","2","1034",NULL,NULL
"1006","2","1035",NULL,NULL
"1007","2","1036",NULL,NULL
"1008","2","1037",NULL,NULL
"1009","7","1038",NULL,NULL
"1010","2","1039",NULL,NULL
"1011","7","1040",NULL,NULL
"1012","2","1041",NULL,NULL
"1013","7","1042",NULL,NULL
"1014","7","1043",NULL,NULL
"1015","7","1044",NULL,NULL
"1016","7","1045",NULL,NULL
"1017","2","1046",NULL,NULL
"1018","2","1047",NULL,NULL
"1019","7","1048",NULL,NULL
"1020","7","1049",NULL,NULL
"1021","2","1050",NULL,NULL
"1022","7","1051",NULL,NULL
"1023","7","1052",NULL,NULL
"1024","2","1053",NULL,NULL
"1025","2","1054",NULL,NULL
"1026","7","1055",NULL,NULL
"1027","2","1056",NULL,NULL
"1028","7","1057",NULL,NULL
"1029","7","1058",NULL,NULL
"1030","7","1059",NULL,NULL
"1031","7","1060",NULL,NULL
"1032","7","1061",NULL,NULL
"1033","2","1062",NULL,NULL
"1034","7","1063",NULL,NULL
"1035","2","1064",NULL,NULL
"1036","2","1065",NULL,NULL
"1037","2","1066",NULL,NULL
"1038","7","1068",NULL,NULL
"1039","2","1069",NULL,NULL
"1040","7","1070",NULL,NULL
"1041","2","1071",NULL,NULL
"1042","2","1072",NULL,NULL
"1043","7","1073",NULL,NULL
"1044","7","1074",NULL,NULL
"1045","2","1075",NULL,NULL
"1046","2","1076",NULL,NULL
"1047","7","1077",NULL,NULL
"1048","2","1078",NULL,NULL
"1049","7","1079",NULL,NULL
"1050","2","1080",NULL,NULL
"1051","7","1081",NULL,NULL
"1052","7","1082",NULL,NULL
"1053","2","1083",NULL,NULL
"1054","7","1084",NULL,NULL
"1055","2","1085",NULL,NULL
"1056","7","1086",NULL,NULL
"1057","2","1087",NULL,NULL
"1058","7","1088",NULL,NULL
"1059","2","1089",NULL,NULL
"1060","7","1090",NULL,NULL
"1061","7","1091",NULL,NULL
"1062","7","1092",NULL,NULL
"1063","7","1093",NULL,NULL
"1064","7","1094",NULL,NULL
"1065","7","1095",NULL,NULL
"1066","2","1096",NULL,NULL
"1067","7","1097",NULL,NULL
"1068","2","1098",NULL,NULL
"1069","7","1099",NULL,NULL
"1070","2","1100",NULL,NULL
"1071","7","1101",NULL,NULL
"1072","7","1102",NULL,NULL
"1073","2","1103",NULL,NULL
"1074","7","1104",NULL,NULL
"1075","7","1105",NULL,NULL
"1076","7","1106",NULL,NULL
"1077","2","1107",NULL,NULL
"1078","7","1108",NULL,NULL
"1079","7","1109",NULL,NULL
"1080","7","1110",NULL,NULL
"1081","7","1111",NULL,NULL
"1082","7","1112",NULL,NULL
"1083","7","1113",NULL,NULL
"1084","7","1114",NULL,NULL
"1085","7","1115",NULL,NULL
"1086","7","1116",NULL,NULL
"1087","7","1117",NULL,NULL
"1088","7","1118",NULL,NULL
"1089","7","1119",NULL,NULL
"1090","7","1120",NULL,NULL
"1091","7","1121",NULL,NULL
"1092","7","1122",NULL,NULL
"1093","7","1123",NULL,NULL
"1094","7","1124",NULL,NULL
"1095","7","1125",NULL,NULL
"1096","7","1126",NULL,NULL
"1097","7","1127",NULL,NULL
"1098","7","1128",NULL,NULL
"1099","7","1129",NULL,NULL
"1100","7","1130",NULL,NULL
"1101","7","1131",NULL,NULL
"1102","7","1132",NULL,NULL
"1103","7","1133",NULL,NULL
"1104","7","1134",NULL,NULL
"1105","7","1135",NULL,NULL
"1106","7","1136",NULL,NULL
"1107","7","1137",NULL,NULL
"1108","7","1138",NULL,NULL
"1109","7","1139",NULL,NULL
"1110","7","1140",NULL,NULL
"1111","7","1141",NULL,NULL
"1112","7","1142",NULL,NULL
"1113","7","1143",NULL,NULL
"1114","7","1144",NULL,NULL
"1115","7","1145",NULL,NULL
"1116","7","1146",NULL,NULL
"1117","7","1147",NULL,NULL
"1118","7","1148",NULL,NULL
"1119","7","1149",NULL,NULL
"1120","7","1150",NULL,NULL
"1121","7","1151",NULL,NULL
"1122","7","1152",NULL,NULL
"1123","7","1153",NULL,NULL
"1124","7","1154",NULL,NULL
"1125","7","1155",NULL,NULL
"1126","7","1156",NULL,NULL
"1127","7","1157",NULL,NULL
"1128","7","1158",NULL,NULL
"1129","7","1159",NULL,NULL
"1130","7","1160",NULL,NULL
"1131","7","1161",NULL,NULL
"1132","7","1162",NULL,NULL
"1133","7","1163",NULL,NULL
"1134","7","1164",NULL,NULL
"1135","7","1165",NULL,NULL
"1136","7","1166",NULL,NULL
"1137","7","1167",NULL,NULL
"1138","7","1168",NULL,NULL
"1139","7","1169",NULL,NULL
"1140","7","1170",NULL,NULL
"1141","7","1171",NULL,NULL
"1142","7","1172",NULL,NULL
"1143","7","1173",NULL,NULL
"1144","7","1174",NULL,NULL
"1145","7","1175",NULL,NULL
"1146","7","1176",NULL,NULL
"1147","7","1177",NULL,NULL
"1148","7","1178",NULL,NULL
"1149","2","1179",NULL,NULL
"1150","2","1180",NULL,NULL
"1151","7","1181",NULL,NULL
"1152","2","1182",NULL,NULL
"1153","7","1183",NULL,NULL
"1154","2","1184",NULL,NULL
"1155","2","1185",NULL,NULL
"1156","2","1186",NULL,NULL
"1157","2","1187",NULL,NULL
"1158","2","1188",NULL,NULL
"1159","2","1189",NULL,NULL
"1160","2","1190",NULL,NULL
"1161","2","1191",NULL,NULL
"1162","2","1192",NULL,NULL
"1163","2","1193",NULL,NULL
"1164","2","1194",NULL,NULL
"1165","2","1195",NULL,NULL
"1166","2","1196",NULL,NULL
"1167","7","1197",NULL,NULL
"1168","2","1198",NULL,NULL
"1169","2","1199",NULL,NULL
"1170","2","1200",NULL,NULL
"1171","7","1201",NULL,NULL
"1172","7","1202",NULL,NULL
"1173","7","1203",NULL,NULL
"1174","7","1204",NULL,NULL
"1175","7","1205",NULL,NULL
"1176","7","1206",NULL,NULL
"1177","7","1207",NULL,NULL
"1178","7","1208",NULL,NULL
"1179","2","1209",NULL,NULL
"1180","7","1210",NULL,NULL
"1181","7","1211",NULL,NULL
"1182","7","1212",NULL,NULL
"1183","7","1213",NULL,NULL
"1184","2","1214",NULL,NULL
"1185","7","1215",NULL,NULL
"1186","7","1216",NULL,NULL
"1187","7","1217",NULL,NULL
"1188","2","1218",NULL,NULL
"1189","2","1219",NULL,NULL
"1190","2","1220",NULL,NULL
"1191","2","1221",NULL,NULL
"1192","2","1222",NULL,NULL
"1193","2","1223",NULL,NULL
"1194","2","1224",NULL,NULL
"1195","2","1225",NULL,NULL
"1196","7","1226",NULL,NULL
"1197","7","1227",NULL,NULL
"1198","2","1228",NULL,NULL
"1199","2","1229",NULL,NULL
"1200","2","1230",NULL,NULL
"1201","2","1231",NULL,NULL
"1202","2","1232",NULL,NULL
"1203","2","1233",NULL,NULL
"1204","2","1234",NULL,NULL
"1205","2","1235",NULL,NULL
"1206","7","1236",NULL,NULL
"1207","2","1237",NULL,NULL
"1208","7","1238",NULL,NULL
"1209","7","1239",NULL,NULL
"1210","7","1240",NULL,NULL
"1211","7","1241",NULL,NULL
"1212","7","1242",NULL,NULL
"1213","7","1243",NULL,NULL
"1214","7","1244",NULL,NULL
"1215","7","1245",NULL,NULL
"1216","7","1246",NULL,NULL
"1217","7","1247",NULL,NULL
"1218","2","1248",NULL,NULL
"1219","7","1249",NULL,NULL
"1220","2","1250",NULL,NULL
"1221","7","1251",NULL,NULL
"1222","7","1252",NULL,NULL
"1223","7","1253",NULL,NULL
"1224","2","1254",NULL,NULL
"1225","2","1255",NULL,NULL
"1226","2","1256",NULL,NULL
"1227","7","1257",NULL,NULL
"1228","2","1258",NULL,NULL
"1229","7","1259",NULL,NULL
"1230","2","1260",NULL,NULL
"1231","2","1261",NULL,NULL
"1232","7","1262",NULL,NULL
"1233","2","1263",NULL,NULL
"1234","2","1264",NULL,NULL
"1235","2","1265",NULL,NULL
"1236","2","1266",NULL,NULL
"1237","7","1267",NULL,NULL
"1238","2","1268",NULL,NULL
"1239","7","1269",NULL,NULL
"1240","2","1270",NULL,NULL
"1241","7","1271",NULL,NULL
"1243","2","1273",NULL,NULL
"1244","7","1274",NULL,NULL
"1245","2","1275",NULL,NULL
"1246","2","1276",NULL,NULL
"1247","7","1277",NULL,NULL
"1248","7","1278",NULL,NULL
"1249","2","1279",NULL,NULL
"1250","2","1280",NULL,NULL
"1251","7","1281",NULL,NULL
"1252","2","1282",NULL,NULL
"1253","2","1283",NULL,NULL
"1254","2","1284",NULL,NULL
"1255","7","1285",NULL,NULL
"1256","2","1286",NULL,NULL
"1257","7","1287",NULL,NULL
"1258","2","1288",NULL,NULL
"1259","2","1289",NULL,NULL
"1260","2","1290",NULL,NULL
"1261","2","1291",NULL,NULL
"1262","7","1292",NULL,NULL
"1263","2","1293",NULL,NULL
"1264","7","1294",NULL,NULL
"1265","7","1295",NULL,NULL
"1266","7","1296",NULL,NULL
"1267","7","1297",NULL,NULL
"1268","7","1298",NULL,NULL
"1269","7","1299",NULL,NULL
"1270","7","1300",NULL,NULL
"1271","7","1301",NULL,NULL
"1272","2","1302",NULL,NULL
"1273","7","1303",NULL,NULL
"1274","2","1304",NULL,NULL
"1275","7","1305",NULL,NULL
"1276","2","1306",NULL,NULL
"1277","2","1307",NULL,NULL
"1278","2","1308",NULL,NULL
"1279","7","1309",NULL,NULL
"1280","2","1310",NULL,NULL
"1281","7","1311",NULL,NULL
"1282","2","1312",NULL,NULL
"1283","2","1313",NULL,NULL
"1284","2","1314",NULL,NULL
"1285","2","1315",NULL,NULL
"1286","2","1316",NULL,NULL
"1287","2","1317",NULL,NULL
"1288","7","1318",NULL,NULL
"1289","2","1319",NULL,NULL
"1290","7","1320",NULL,NULL
"1291","2","1321",NULL,NULL
"1292","2","1322",NULL,NULL
"1293","7","1323",NULL,NULL
"1294","2","1324",NULL,NULL
"1295","7","1325",NULL,NULL
"1296","2","1326",NULL,NULL
"1297","7","1327",NULL,NULL
"1298","7","1328",NULL,NULL
"1299","2","1329",NULL,NULL
"1300","7","1330",NULL,NULL
"1301","2","1331",NULL,NULL
"1302","7","1332",NULL,NULL
"1303","2","1333",NULL,NULL
"1304","2","1334",NULL,NULL
"1305","7","1335",NULL,NULL
"1306","2","1336",NULL,NULL
"1307","2","1337",NULL,NULL
"1308","7","1338",NULL,NULL
"1309","2","1339",NULL,NULL
"1310","7","1340",NULL,NULL
"1311","7","1341",NULL,NULL
"1312","7","1342",NULL,NULL
"1313","7","1343",NULL,NULL
"1314","7","1344",NULL,NULL
"1315","2","1345",NULL,NULL
"1316","7","1346",NULL,NULL
"1317","7","1347",NULL,NULL
"1318","2","1348",NULL,NULL
"1319","7","1349",NULL,NULL
"1320","7","1350",NULL,NULL
"1321","2","1351",NULL,NULL
"1322","7","1352",NULL,NULL
"1323","7","1353",NULL,NULL
"1324","7","1354",NULL,NULL
"1325","2","1355",NULL,NULL
"1326","7","1356",NULL,NULL
"1327","7","1357",NULL,NULL
"1328","7","1358",NULL,NULL
"1329","7","1359",NULL,NULL
"1330","2","1360",NULL,NULL
"1331","7","1361",NULL,NULL
"1332","7","1362",NULL,NULL
"1333","7","1363",NULL,NULL
"1334","2","1364",NULL,NULL
"1335","2","1365",NULL,NULL
"1336","7","1366",NULL,NULL
"1337","7","1367",NULL,NULL
"1338","2","1368",NULL,NULL
"1339","7","1369",NULL,NULL
"1340","2","1370",NULL,NULL
"1341","7","1371",NULL,NULL
"1342","2","1372",NULL,NULL
"1343","7","1373",NULL,NULL
"1344","7","1374",NULL,NULL
"1345","7","1375",NULL,NULL
"1346","7","1376",NULL,NULL
"1347","2","1377",NULL,NULL
"1348","2","1378",NULL,NULL
"1349","7","1379",NULL,NULL
"1350","2","1380",NULL,NULL
"1351","2","1381",NULL,NULL
"1352","7","1382",NULL,NULL
"1353","7","1383",NULL,NULL
"1354","7","1384",NULL,NULL
"1355","7","1385",NULL,NULL
"1356","7","1386",NULL,NULL
"1357","7","1387",NULL,NULL
"1358","7","1388",NULL,NULL
"1359","7","1389",NULL,NULL
"1360","7","1390",NULL,NULL
"1361","7","1391",NULL,NULL
"1363","7","1393",NULL,NULL
"1364","7","1394",NULL,NULL
"1365","7","1395",NULL,NULL
"1366","7","1396",NULL,NULL
"1367","7","1397",NULL,NULL
"1368","7","1398",NULL,NULL
"1369","7","1399",NULL,NULL
"1370","7","1400",NULL,NULL
"1371","7","1401",NULL,NULL
"1372","7","1402",NULL,NULL
"1373","7","1392",NULL,NULL
"1374","7","1403",NULL,NULL
"1375","7","1404",NULL,NULL
"1376","7","1405",NULL,NULL
"1377","7","1406",NULL,NULL
"1378","7","1407",NULL,NULL
"1379","7","1408",NULL,NULL
"1380","7","1409",NULL,NULL
"1381","7","1410",NULL,NULL
"1382","7","1411",NULL,NULL
"1383","7","1412",NULL,NULL
"1384","2","1413",NULL,NULL
"1385","7","1414",NULL,NULL
"1386","2","1415",NULL,NULL
"1387","7","1416",NULL,NULL
"1388","2","1417",NULL,NULL
"1389","7","1418",NULL,NULL
"1390","2","1419",NULL,NULL
"1391","7","1420",NULL,NULL
"1392","2","1421",NULL,NULL
"1393","7","1422",NULL,NULL
"1394","2","1423",NULL,NULL
"1395","2","1424",NULL,NULL
"1396","7","1425",NULL,NULL
"1397","2","1426",NULL,NULL
"1398","2","1427",NULL,NULL
"1399","7","1428",NULL,NULL
"1400","2","1429",NULL,NULL
"1401","2","1430",NULL,NULL
"1402","7","1431",NULL,NULL
"1403","7","1432",NULL,NULL
"1404","7","1433",NULL,NULL
"1405","2","1434",NULL,NULL
"1406","7","1435",NULL,NULL
"1407","7","1436",NULL,NULL
"1408","2","1437",NULL,NULL
"1409","2","1438",NULL,NULL
"1410","7","1439",NULL,NULL
"1411","7","1440",NULL,NULL
"1412","7","1442",NULL,NULL
"1413","7","1443",NULL,NULL
"1414","7","1444",NULL,NULL
"1415","7","1445",NULL,NULL
"1416","7","1446",NULL,NULL
"1417","7","1447",NULL,NULL
"1418","7","1448",NULL,NULL
"1419","7","1449",NULL,NULL
"1420","7","1450",NULL,NULL
"1421","7","1451",NULL,NULL
"1422","7","1452",NULL,NULL
"1423","7","1453",NULL,NULL
"1424","7","1454",NULL,NULL
"1425","7","1455",NULL,NULL
"1426","7","1456",NULL,NULL
"1427","7","1457",NULL,NULL
"1428","7","1458",NULL,NULL
"1429","7","1459",NULL,NULL
"1430","7","1460",NULL,NULL
"1431","7","1461",NULL,NULL
"1432","7","1462",NULL,NULL
"1433","5","1463",NULL,NULL
"1434","7","1464",NULL,NULL
"1435","7","1465",NULL,NULL
"1436","7","1466",NULL,NULL
"1437","7","1467",NULL,NULL
"1438","7","1468",NULL,NULL
"1439","7","1469",NULL,NULL
"1440","7","1470",NULL,NULL
"1441","7","1471",NULL,NULL
"1442","7","1472",NULL,NULL
"1443","7","1473",NULL,NULL
"1444","7","1474",NULL,NULL
"1445","7","1475",NULL,NULL
"1446","7","1476",NULL,NULL
"1447","7","1477",NULL,NULL
"1448","7","1478",NULL,NULL
"1449","7","1479",NULL,NULL
"1450","7","1480",NULL,NULL
"1451","7","1481",NULL,NULL
"1452","7","1482",NULL,NULL
"1453","7","1483",NULL,NULL
"1454","7","1484",NULL,NULL
"1455","7","1485",NULL,NULL
"1456","7","1486",NULL,NULL
"1457","7","1487",NULL,NULL
"1458","7","1488",NULL,NULL
"1459","7","1489",NULL,NULL
"1460","7","1490",NULL,NULL
"1461","7","1491",NULL,NULL
"1462","7","1492",NULL,NULL
"1463","7","1493",NULL,NULL
"1464","7","1494",NULL,NULL
"1465","7","1495",NULL,NULL
"1466","7","1496",NULL,NULL
"1467","7","1497",NULL,NULL
"1468","7","1498",NULL,NULL
"1469","7","1499",NULL,NULL
"1470","7","1500",NULL,NULL
"1471","7","1501",NULL,NULL
"1472","7","1502",NULL,NULL
"1473","7","1503",NULL,NULL
"1474","7","1504",NULL,NULL
"1475","7","1505",NULL,NULL
"1476","7","1506",NULL,NULL
"1477","7","1507",NULL,NULL
"1478","7","1508",NULL,NULL
"1479","7","1509",NULL,NULL
"1480","7","1510",NULL,NULL
"1481","7","1511",NULL,NULL
"1482","7","1512",NULL,NULL
"1483","7","1513",NULL,NULL
"1484","7","1514",NULL,NULL
"1485","7","1515",NULL,NULL
"1486","7","1516",NULL,NULL
"1487","7","1517",NULL,NULL
"1488","7","1518",NULL,NULL
"1489","7","1519",NULL,NULL
"1490","7","1520",NULL,NULL
"1491","7","1521",NULL,NULL
"1492","7","1522",NULL,NULL
"1493","7","1523",NULL,NULL
"1494","7","1524",NULL,NULL
"1495","7","1525",NULL,NULL
"1496","7","1526",NULL,NULL
"1497","7","1527",NULL,NULL
"1498","7","1528",NULL,NULL
"1499","7","1529",NULL,NULL
"1500","7","1530",NULL,NULL
"1501","7","1531",NULL,NULL
"1502","7","1532",NULL,NULL
"1503","7","1533",NULL,NULL
"1504","7","1534",NULL,NULL
"1505","7","1535",NULL,NULL
"1506","7","1536",NULL,NULL
"1507","7","1537",NULL,NULL
"1508","4","1538",NULL,NULL
"1509","7","1539",NULL,NULL
"1510","7","1540",NULL,NULL
"1511","7","1541",NULL,NULL
"1512","7","1542",NULL,NULL
"1513","7","1543",NULL,NULL
"1514","7","1544",NULL,NULL
"1515","7","1545",NULL,NULL
"1516","7","1546",NULL,NULL
"1517","7","1547",NULL,NULL
"1518","7","1548",NULL,NULL
"1519","7","1549",NULL,NULL
"1520","2","1550",NULL,NULL
"1521","7","1551",NULL,NULL
"1522","7","1552",NULL,NULL
"1523","7","1553",NULL,NULL
"1524","7","1554",NULL,NULL
"1525","7","1555",NULL,NULL
"1526","7","1556",NULL,NULL
"1527","7","1557",NULL,NULL
"1528","7","1558",NULL,NULL
"1529","7","1559",NULL,NULL
"1530","7","1560",NULL,NULL
"1531","7","1561",NULL,NULL
"1532","7","1562",NULL,NULL
"1533","7","1563",NULL,NULL
"1534","7","1564",NULL,NULL
"1535","7","1565",NULL,NULL
"1536","7","1566",NULL,NULL
"1537","7","1567",NULL,NULL
"1538","7","1568",NULL,NULL
"1539","7","1569",NULL,NULL
"1540","7","1570",NULL,NULL
"1541","7","1571",NULL,NULL
"1542","7","1572",NULL,NULL
"1543","7","1573",NULL,NULL
"1544","7","1574",NULL,NULL
"1545","7","1575",NULL,NULL
"1546","7","1576",NULL,NULL
"1547","7","1577",NULL,NULL
"1548","7","1578",NULL,NULL
"1549","7","1579",NULL,NULL
"1550","7","1580",NULL,NULL
"1551","7","1581",NULL,NULL
"1552","7","1582",NULL,NULL
"1553","7","1583",NULL,NULL
"1554","7","1584",NULL,NULL
"1555","7","1585",NULL,NULL
"1556","7","1586",NULL,NULL
"1557","7","1587",NULL,NULL
"1558","7","1588",NULL,NULL
"1559","7","1589",NULL,NULL
"1560","7","1590",NULL,NULL
"1561","7","1591",NULL,NULL
"1562","7","1592",NULL,NULL
"1563","7","1593",NULL,NULL
"1564","7","1594",NULL,NULL
"1565","7","1595",NULL,NULL
"1566","7","1596",NULL,NULL
"1567","7","1597",NULL,NULL
"1568","7","1598",NULL,NULL
"1569","7","1599",NULL,NULL
"1570","7","1600",NULL,NULL
"1571","7","1601",NULL,NULL
"1572","7","1602",NULL,NULL
"1573","7","1603",NULL,NULL
"1574","7","1604",NULL,NULL
"1575","7","1605",NULL,NULL
"1576","7","1606",NULL,NULL
"1577","7","1607",NULL,NULL
"1578","7","1608",NULL,NULL
"1579","7","1609",NULL,NULL
"1580","7","1610",NULL,NULL
"1581","7","1611",NULL,NULL
"1582","7","1612",NULL,NULL
"1583","7","1613",NULL,NULL
"1584","7","1614",NULL,NULL
"1585","7","1615",NULL,NULL
"1586","7","1616",NULL,NULL
"1587","7","1617",NULL,NULL
"1588","7","1618",NULL,NULL
"1589","7","1619",NULL,NULL
"1590","7","1620",NULL,NULL
"1591","7","1621",NULL,NULL
"1592","7","1622",NULL,NULL
"1593","7","1623",NULL,NULL
"1594","7","1624",NULL,NULL
"1595","7","1625",NULL,NULL
"1596","2","1626",NULL,NULL
"1597","7","1627",NULL,NULL
"1598","7","1628",NULL,NULL
"1599","7","1629",NULL,NULL
"1600","7","1630",NULL,NULL
"1601","7","1631",NULL,NULL
"1602","7","1632",NULL,NULL
"1603","2","1633",NULL,NULL
"1604","2","1634",NULL,NULL
"1605","7","1635",NULL,NULL
"1606","7","1636",NULL,NULL
"1607","7","1637",NULL,NULL
"1608","7","1638",NULL,NULL
"1609","7","1639",NULL,NULL
"1610","7","1640",NULL,NULL
"1611","7","1641",NULL,NULL
"1612","7","1642",NULL,NULL
"1613","7","1643",NULL,NULL
"1614","7","1644",NULL,NULL
"1615","7","1645",NULL,NULL
"1616","7","1646",NULL,NULL
"1617","7","1647",NULL,NULL
"1618","7","1648",NULL,NULL
"1619","7","1649",NULL,NULL
"1620","7","1650",NULL,NULL
"1621","7","1651",NULL,NULL
"1622","7","1652",NULL,NULL
"1623","7","1653",NULL,NULL
"1624","7","1654",NULL,NULL
"1625","7","1655",NULL,NULL
"1626","7","1656",NULL,NULL
"1627","7","1657",NULL,NULL
"1628","7","1658",NULL,NULL
"1629","7","1659",NULL,NULL
"1630","7","1660",NULL,NULL
"1631","7","1661",NULL,NULL
"1632","7","1662",NULL,NULL
"1633","7","1663",NULL,NULL
"1634","7","1664",NULL,NULL
"1635","7","1665",NULL,NULL
"1636","7","1666",NULL,NULL
"1637","7","1667",NULL,NULL
"1638","7","1668",NULL,NULL
"1639","7","1669",NULL,NULL
"1640","7","1670",NULL,NULL
"1641","7","1671",NULL,NULL
"1642","7","1672",NULL,NULL
"1643","7","1673",NULL,NULL
"1644","7","1674",NULL,NULL
"1645","7","1675",NULL,NULL
"1646","7","1676",NULL,NULL
"1647","7","1677",NULL,NULL
"1648","7","1678",NULL,NULL
"1649","7","1679",NULL,NULL
"1650","2","1680",NULL,NULL
"1651","7","1681",NULL,NULL
"1652","7","1682",NULL,NULL
"1653","7","1683",NULL,NULL
"1654","7","1684",NULL,NULL
"1655","7","1685",NULL,NULL
"1656","7","1686",NULL,NULL
"1657","7","1687",NULL,NULL
"1658","7","1688",NULL,NULL
"1659","7","1689",NULL,NULL
"1661","7","1691",NULL,NULL
"1662","7","1692",NULL,NULL
"1663","7","1693",NULL,NULL
"1664","7","1694",NULL,NULL
"1665","7","1695",NULL,NULL
"1666","7","1696",NULL,NULL
"1667","7","1697",NULL,NULL
"1668","7","1698",NULL,NULL
"1669","7","1699",NULL,NULL
"1670","7","1700",NULL,NULL
"1671","7","1701",NULL,NULL
"1672","7","1702",NULL,NULL
"1673","7","1703",NULL,NULL
"1674","7","1704",NULL,NULL
"1675","7","1705",NULL,NULL
"1676","7","1706",NULL,NULL
"1677","7","1707",NULL,NULL
"1678","7","1708",NULL,NULL
"1679","7","1709",NULL,NULL
"1680","7","1710",NULL,NULL
"1681","7","1711",NULL,NULL
"1682","7","1712",NULL,NULL
"1683","7","1713",NULL,NULL
"1684","7","1714",NULL,NULL
"1685","7","1715",NULL,NULL
"1686","7","1716",NULL,NULL
"1687","7","1717",NULL,NULL
"1688","7","1718",NULL,NULL
"1689","7","1719",NULL,NULL
"1690","7","1720",NULL,NULL
"1691","7","1721",NULL,NULL
"1692","7","1722",NULL,NULL
"1693","7","1723",NULL,NULL
"1694","7","1724",NULL,NULL
"1695","7","1725",NULL,NULL
"1696","7","1726",NULL,NULL
"1697","7","1727",NULL,NULL
"1698","7","1728",NULL,NULL
"1699","7","1729",NULL,NULL
"1700","7","1730",NULL,NULL
"1701","7","1731",NULL,NULL
"1702","7","1732",NULL,NULL
"1703","7","1733",NULL,NULL
"1704","7","1734",NULL,NULL
"1705","7","1735",NULL,NULL
"1706","7","1736",NULL,NULL
"1707","7","1737",NULL,NULL
"1708","7","1738",NULL,NULL
"1709","7","1739",NULL,NULL
"1710","7","1740",NULL,NULL
"1711","7","1741",NULL,NULL
"1712","7","1742",NULL,NULL
"1713","7","1743",NULL,NULL
"1714","7","1744",NULL,NULL
"1715","7","1745",NULL,NULL
"1716","7","1746",NULL,NULL
"1717","7","1747",NULL,NULL
"1718","7","1748",NULL,NULL
"1719","7","1749",NULL,NULL
"1720","7","1750",NULL,NULL
"1721","7","1751",NULL,NULL
"1722","7","1752",NULL,NULL
"1723","7","1753",NULL,NULL
"1724","7","1754",NULL,NULL
"1725","7","1755",NULL,NULL
"1726","7","1756",NULL,NULL
"1727","7","1757",NULL,NULL
"1728","7","1758",NULL,NULL
"1729","7","1759",NULL,NULL
"1730","7","1760",NULL,NULL
"1731","7","1761",NULL,NULL
"1732","7","1762",NULL,NULL
"1733","7","1763",NULL,NULL
"1734","7","1764",NULL,NULL
"1735","7","1765",NULL,NULL
"1736","7","1766",NULL,NULL
"1737","7","1767",NULL,NULL
"1738","7","1768",NULL,NULL
"1739","7","1769",NULL,NULL
"1740","7","1770",NULL,NULL
"1741","7","1771",NULL,NULL
"1742","7","1772",NULL,NULL
"1743","7","1773",NULL,NULL
"1744","7","1774",NULL,NULL
"1745","7","1775",NULL,NULL
"1746","7","1776",NULL,NULL
"1747","7","1777",NULL,NULL
"1748","7","1778",NULL,NULL
"1749","7","1779",NULL,NULL
"1750","7","1780",NULL,NULL
"1751","7","1781",NULL,NULL
"1752","7","1782",NULL,NULL
"1753","7","1783",NULL,NULL
"1754","7","1784",NULL,NULL
"1755","7","1785",NULL,NULL
"1756","7","1786",NULL,NULL
"1757","7","1787",NULL,NULL
"1758","7","1788",NULL,NULL
"1759","7","1789",NULL,NULL
"1760","7","1790",NULL,NULL
"1761","7","1791",NULL,NULL
"1762","7","1792",NULL,NULL
"1763","7","1793",NULL,NULL
"1764","7","1794",NULL,NULL
"1765","7","1795",NULL,NULL
"1766","7","1796",NULL,NULL
"1767","7","1797",NULL,NULL
"1768","7","1798",NULL,NULL
"1769","7","1799",NULL,NULL
"1770","7","1800",NULL,NULL
"1771","7","1801",NULL,NULL
"1772","7","1802",NULL,NULL
"1773","7","1803",NULL,NULL
"1774","7","1804",NULL,NULL
"1775","7","1805",NULL,NULL
"1776","7","1806",NULL,NULL
"1777","7","1807",NULL,NULL
"1778","7","1808",NULL,NULL
"1779","7","1809",NULL,NULL
"1780","7","1810",NULL,NULL
"1781","7","1811",NULL,NULL
"1782","7","1812",NULL,NULL
"1783","7","1813",NULL,NULL
"1784","7","1814",NULL,NULL
"1785","7","1815",NULL,NULL
"1786","7","1816",NULL,NULL
"1787","7","1817",NULL,NULL
"1788","2","1818",NULL,NULL
"1789","1","1819",NULL,NULL
"1790","2","1820",NULL,NULL
"1791","2","1821",NULL,NULL
"1792","1","1822",NULL,NULL
"1795","5","1825",NULL,NULL
"1796","2","1826",NULL,NULL
"1798","5","1828",NULL,NULL
"1799","2","1829",NULL,NULL
"1800","2","1830",NULL,NULL
